code,from,to,Fr,Nl
1,2016-10-01,,acide 5-aminolévulinique,5-aminolevulinezuur
2,2016-10-01,,abacavir,abacavir
3,2016-10-01,,abacavir + lamivudine,abacavir + lamivudine
4,2016-10-01,,abatacept,abatacept
5,2016-10-01,2019-01-20,abciximab,abciximab
6,2016-10-01,,abiratérone,abirateron
7,2016-10-01,,acamprosate,acamprosaat
8,2016-10-01,,acarbose,acarbose
9,2016-10-01,,acébutolol,acebutolol
10,2016-10-01,,acébutolol + hydrochlorothiazide,acebutolol + hydrochloorthiazide
11,2016-10-01,,acéclofénac,aceclofenac
12,2016-10-01,,acénocoumarol,acenocoumarol
13,2016-10-01,,acétazolamide,acetazolamide
14,2016-10-01,,acétylcystéine,acetylcysteïne
15,2016-10-01,,acide acétylsalicylique,acetylsalicylzuur
16,2016-10-01,,acide acétylsalicylique + acide ascorbique,acetylsalicylzuur + ascorbinezuur
17,2016-10-01,,acide acétylsalicylique + caféine,acetylsalicylzuur + coffeïne
18,2016-10-01,2018-12-30,acide acétylsalicylique + dipyridamole,acetylsalicylzuur + dipyridamol
19,2016-10-01,2018-10-18,acide acétylsalicylique + métoclopramide,acetylsalicylzuur + metoclopramide
20,2016-10-01,,aciclovir,aciclovir
21,2016-10-01,,aciclovir + hydrocortisone,aciclovir + hydrocortison
22,2016-10-01,,acipimox,acipimox
23,2016-10-01,,acitrétine,acitretine
24,2016-10-01,,aclidinium,aclidinium
26,2016-10-01,,adalimumab,adalimumab
27,2016-10-01,,adapalène,adapaleen
28,2016-10-01,,adapalène + benzoyle peroxyde,adapaleen + benzoylperoxide
29,2016-10-01,,adéfovir,adefovir
30,2016-10-01,,adénosine,adenosine
31,2016-10-01,,aescine,aescine
34,2016-10-01,,afatinib,afatinib
35,2016-10-01,,aflibercept,aflibercept
36,2016-10-01,,agalsidase alfa,agalsidase alfa
37,2016-10-01,,agalsidase bêta,agalsidase bèta
38,2016-10-01,,agomélatine,agomelatine
39,2016-10-01,,aldesleukine,aldesleukine
40,2016-10-01,,acide alendronique,alendroninezuur
41,2016-10-01,,acide alendronique + colécalciférol,alendroninezuur + colecalciferol
42,2016-10-01,,inhibiteur de l'alpha-1 protéinase,alfa-1-proteïnase-inhibitor
43,2016-10-01,,alfacalcidol,alfacalcidol
44,2016-10-01,,alfentanil,alfentanil
45,2016-10-01,,alfuzosine,alfuzosine
46,2016-10-01,,algeldrate + magnésium hydroxyde,algeldraat + magnesiumhydroxide
50,2016-10-01,,alglucosidase alfa,alglucosidase alfa
51,2016-10-01,,alimémazine,alimemazine
52,2016-10-01,2017-07-30,aliskirène,aliskiren
53,2016-10-01,2017-07-30,aliskirène + hydrochlorothiazide,aliskiren + hydrochloorthiazide
54,2016-10-01,,alizapride,alizapride
55,2016-10-01,,extrait allergénique de 1 graminée,allergeenextract van 1 grassoort
56,2016-10-01,,extrait allergénique de 5 graminées,allergeenextract van 5 grassoorten
57,2016-10-01,,allopurinol,allopurinol
58,2016-10-01,,almotriptan,almotriptan
59,2016-10-01,,alprazolam,alprazolam
60,2016-10-01,,alprostadil,alprostadil
61,2016-10-01,,altéplase,alteplase
62,,,,
63,2016-10-01,,aluminium oxyde + magnésium hydroxyde,aluminiumoxide + magnesiumhydroxide
64,2016-10-01,,alvérine,alverine
65,2016-10-01,,ambrisentan,ambrisentan
66,2016-10-01,,ambroxol,ambroxol
67,2016-10-01,2018-11-11,amcinonide,amcinonide
71,2016-10-01,,amikacine,amikacine
72,2016-10-01,,amiloride + hydrochlorothiazide,amiloride + hydrochloorthiazide
73,2016-10-01,,amiodarone,amiodaron
74,2016-10-01,,amisulpride,amisulpride
75,2016-10-01,,amitriptyline,amitriptyline
76,2016-10-01,,amlodipine,amlodipine
77,2016-10-01,,amlodipine + valsartan,amlodipine + valsartan
78,2016-10-01,,amorolfine,amorolfine
79,2016-10-01,,amoxicilline,amoxicilline
80,2016-10-01,,amoxicilline + acide clavulanique,amoxicilline + clavulaanzuur
81,2016-10-01,2017-12-21,ampicilline,ampicilline
82,2016-10-01,,amylmétacrésol + dichlorobenzylalcool,amylmetacresol + dichloorbenzylalcohol
83,2016-10-01,,anagrélide,anagrelide
84,2016-10-01,,anastrozole,anastrozol
85,2016-10-01,,anétholtrithione,anetholtrithion
86,2016-10-01,,anidulafungine,anidulafungine
87,2016-10-01,,antithrombine,antitrombine
88,2016-10-01,,apixaban,apixaban
89,2016-10-01,,apraclonidine,apraclonidine
92,2016-10-01,,aripiprazole,aripiprazol
94,2016-10-01,,arsenic trioxyde,arseentrioxide
95,2016-10-01,,artéméther + luméfantrine,artemether + lumefantrine
96,2016-10-01,,acide ascorbique,ascorbinezuur
98,2016-10-01,,asénapine,asenapine
99,2016-10-01,2017-06-12,asparaginase,asparaginase
100,2016-10-01,,atazanavir,atazanavir
101,2016-10-01,,aténolol,atenolol
102,2016-10-01,,aténolol + chlortalidone,atenolol + chloortalidon
103,2016-10-01,,aténolol + nifédipine,atenolol + nifedipine
104,2016-10-01,,atomoxétine,atomoxetine
105,2016-10-01,,atorvastatine,atorvastatine
106,2016-10-01,,atosiban,atosiban
107,2016-10-01,,atovaquone,atovaquon
108,2016-10-01,,atovaquone + proguanil,atovaquon + proguanil
109,2016-10-01,,atracurium,atracurium
110,2016-10-01,,atropine,atropine
111,2016-10-01,2018-04-18,attapulgite,attapulgiet
112,2016-10-01,2017-06-12,cellules de cartilage autologues,autologe kraakbeencellen
113,2016-10-01,,avanafil,avanafil
114,2016-10-01,,axitinib,axitinib
115,2016-10-01,,azacitidine,azacitidine
116,2016-10-01,,azathioprine,azathioprine
117,2016-10-01,,acide azélaïque,azelaïnezuur
118,2016-10-01,,azélastine,azelastine
119,2016-10-01,,azithromycine,azithromycine
120,2016-10-01,,aztréonam,aztreonam
253,2016-10-01,,cétrorélix,cetrorelix
123,2016-10-01,,bacitracine + néomycine,bacitracine + neomycine
124,2016-10-01,,bacitracine + polymyxine B,bacitracine + polymyxine B
125,2016-10-01,,baclofène,baclofen
127,2016-10-01,2018-01-30,barnidipine,barnidipine
128,2016-10-01,,basiliximab,basiliximab
129,2016-10-01,,bazédoxifène,bazedoxifeen
130,2016-10-01,,béclométasone,beclometason
131,2016-10-01,,bédaquiline,bedaquiline
132,2016-10-01,,bélimumab,belimumab
134,2016-10-01,,bendamustine,bendamustine
135,2016-10-01,,benzalkonium,benzalkonium
136,2016-10-01,,benzéthonium + chlorhexidine,benzethonium + chloorhexidine
138,2016-10-01,2018-03-29,benzoxonium + lidocaïne,benzoxonium + lidocaïne
139,2016-10-01,,benzoyle peroxyde,benzoylperoxide
140,2016-10-01,,benzoyle peroxyde + érythromycine,benzoylperoxide + erythromycine
141,2016-10-01,,benzoyle peroxyde + miconazole,benzoylperoxide + miconazol
142,2016-10-01,,benzylpénicilline,benzylpenicilline
143,2016-10-01,,bétahistine,betahistine
144,2016-10-01,,bétaïne,betaïne
145,2016-10-01,,bétaméthasone,betamethason
146,2016-10-01,,bétaméthasone + bétaméthasone,betamethason + betamethason
147,2016-10-01,,bétaméthasone + calcipotriol,betamethason + calcipotriol
148,2016-10-01,,bétaméthasone + clotrimazole,betamethason + clotrimazol
149,2016-10-01,,bétaméthasone + acide fusidique,betamethason + fusidinezuur
150,2016-10-01,,bétaméthasone + acide salicylique,betamethason + salicylzuur
151,2016-10-01,,bétaxolol,betaxolol
152,2016-10-01,,béthanéchol,bethanechol
153,2016-10-01,,bévacizumab,bevacizumab
154,2016-10-01,,bexarotène,bexaroteen
155,2016-10-01,,bézafibrate,bezafibraat
156,2016-10-01,,bicalutamide,bicalutamide
157,2016-10-01,,bifonazole,bifonazol
158,2016-10-01,,venin d'abeille,bijengif
159,2016-10-01,,bilastine,bilastine
160,2016-10-01,,bimatoprost,bimatoprost
161,2016-10-01,,bimatoprost + timolol,bimatoprost + timolol
162,2016-10-01,,bipéridène,biperideen
163,2016-10-01,,bisacodyl,bisacodyl
164,2016-10-01,,bisoprolol,bisoprolol
165,2016-10-01,,bisoprolol + hydrochlorothiazide,bisoprolol + hydrochloorthiazide
166,2016-10-01,2018-05-17,bisoxatine,bisoxatine
167,2016-10-01,,bivalirudine,bivalirudine
168,2016-10-01,,bléomycine,bleomycine
169,2016-10-01,2017-06-12,bocéprévir,boceprevir
170,2016-10-01,,acide borique,boorzuur
171,2016-10-01,,bortézomib,bortezomib
172,2016-10-01,,bosentan,bosentan
173,2016-10-01,,bosutinib,bosutinib
174,2016-10-01,,toxine botulique type A,botulinetoxine type A
177,2016-10-01,,brimonidine,brimonidine
178,2016-10-01,,brimonidine + timolol,brimonidine + timolol
179,2016-10-01,,brinzolamide,brinzolamide
180,2016-10-01,,brinzolamide + timolol,brinzolamide + timolol
181,2016-10-01,,brivudine,brivudine
182,2016-10-01,,bromazépam,bromazepam
183,2016-10-01,,bromocriptine,bromocriptine
184,2016-10-01,,brompéridol,bromperidol
185,2016-10-01,,bromhexine,broomhexine
186,2016-10-01,,brotizolam,brotizolam
187,2016-10-01,,budésonide,budesonide
188,2016-10-01,,budésonide + formotérol,budesonide + formoterol
189,2016-10-01,,bumétanide,bumetanide
190,2016-10-01,,bupivacaïne,bupivacaïne
191,2016-10-01,,bupivacaïne + épinéphrine,bupivacaïne + epinefrine
192,2016-10-01,,buprénorphine,buprenorfine
193,2016-10-01,,buprénorphine + naloxone,buprenorfine + naloxon
194,2016-10-01,,bupropione,bupropion
195,2016-10-01,,buséréline,busereline
196,2016-10-01,,busulfan,busulfan
197,2016-10-01,,butamirate,butamiraat
198,2016-10-01,,butoconazole,butoconazol
199,2016-10-01,,butylhyoscine,butylhyoscine
200,2016-10-01,,inhibiteur de la C1 estérase,C1-esteraseremmer
201,2016-10-01,,cabazitaxel,cabazitaxel
202,2016-10-01,,cabergoline,cabergoline
203,2016-10-01,2018-05-17,calamine + diphenhydramine,calamine + difenhydramine
204,2016-10-01,,calcifédiol,calcifediol
206,2016-10-01,,calcitriol,calcitriol
207,2016-10-01,2017-06-12,calcium,calcium
208,2016-10-01,,calcium + calcium,calcium + calcium
209,2016-10-01,,calcium + colécalciférol,calcium + colecalciferol
211,2016-10-01,,Camellia sinensis,Camellia sinensis
212,2016-10-01,,canakinumab,canakinumab
213,2016-10-01,,candésartan,candesartan
214,2016-10-01,,candésartan + hydrochlorothiazide,candesartan + hydrochloorthiazide
215,2016-10-01,2018-05-17,canrénoate,canrenoaat
216,2016-10-01,,capécitabine,capecitabine
217,2016-10-01,,capsaïcine,capsaïcine
220,2016-10-01,,captopril,captopril
221,2016-10-01,,carbachol,carbachol
222,2016-10-01,,carbamazépine,carbamazepine
223,2016-10-01,,carbétocine,carbetocine
224,2016-10-01,,carbocistéine,carbocisteïne
225,2016-10-01,,carbomère,carbomeer
226,2016-10-01,,carboplatine,carboplatine
227,2016-10-01,,carboprost,carboprost
228,2016-10-01,,acide carglumique,carglumaatzuur
229,2016-10-01,,cartéolol,carteolol
230,2016-10-01,,carvédilol,carvedilol
231,2016-10-01,,caspofungine,caspofungine
234,2016-10-01,2017-08-20,catumaxomab,catumaxomab
235,2016-10-01,,céfadroxil,cefadroxil
236,2016-10-01,,céfalexine,cefalexine
237,2016-10-01,,céfazoline,cefazoline
239,2016-10-01,,céfépime,cefepim
240,2016-10-01,,céfotaxime,cefotaxim
241,2016-10-01,,ceftaroline,ceftaroline
242,2016-10-01,,ceftazidime,ceftazidim
243,2016-10-01,,ceftriaxone,ceftriaxon
244,2016-10-01,,céfuroxime,cefuroxim
245,2016-10-01,,célécoxib,celecoxib
246,2016-10-01,,céliprolol,celiprolol
248,2016-10-01,,certolizumab,certolizumab
250,2016-10-01,,cétirizine,cetirizine
252,2016-10-01,,cétrimonium + chlorhexidine,cetrimonium + chloorhexidine
254,2016-10-01,,cétuximab,cetuximab
256,2016-10-01,,chlorambucil,chloorambucil
257,2016-10-01,2017-08-20,chloramphénicol,chlooramfenicol
259,2016-10-01,,chlorphénamine + paracétamol,chloorfenamine + paracetamol
260,2016-10-01,,chlorhexidine,chloorhexidine
262,2016-10-01,,chlorhexidine + lidocaïne,chloorhexidine + lidocaïne
263,2016-10-01,,chlorhexidine + rétinol,chloorhexidine + retinol
264,2016-10-01,,chloroprocaïne,chloorprocaïne
265,2016-10-01,,chlortalidone,chloortalidon
266,2016-10-01,,chlortétracycline,chloortetracycline
267,2016-10-01,,chloroxylénol,chloorxylenol
272,2016-10-01,,gonadotrophine chorionique (HCG),choriongonadotrofine (HCG)
273,2016-10-01,,cibenzoline,cibenzoline
275,2016-10-01,,ciclopirox,ciclopirox
276,2016-10-01,,ciclosporine,ciclosporine
277,2016-10-01,,cilazapril,cilazapril
278,2016-10-01,,cilazapril + hydrochlorothiazide,cilazapril + hydrochloorthiazide
279,2016-10-01,2017-06-12,cimétidine,cimetidine
281,2016-10-01,,cinacalcet,cinacalcet
282,2016-10-01,,cinchocaïne + prednisolone,cinchocaïne + prednisolon
283,2016-10-01,,cinnarizine,cinnarizine
284,2016-10-01,,cinnarizine + diménhydrinate,cinnarizine + dimenhydrinaat
285,2016-10-01,,ciprofibrate,ciprofibraat
286,2016-10-01,,ciprofloxacine,ciprofloxacine
287,2016-10-01,,cisatracurium,cisatracurium
288,2016-10-01,,cisplatine,cisplatine
289,2016-10-01,,citalopram,citalopram
290,2016-10-01,,cladribine,cladribine
291,2016-10-01,,clarithromycine,clarithromycine
292,2016-10-01,,clindamycine,clindamycine
293,2016-10-01,,clindamycine + trétinoïne,clindamycine + tretinoïne
294,2016-10-01,,clobazam,clobazam
295,2016-10-01,,clobétasol,clobetasol
296,2016-10-01,,clobétasone,clobetason
298,2016-10-01,,clofarabine,clofarabine
299,2016-10-01,,clomifène,clomifeen
300,2016-10-01,,clomipramine,clomipramine
301,2016-10-01,,clonazépam,clonazepam
302,2016-10-01,,clonidine,clonidine
303,2016-10-01,,clopérastine,cloperastine
304,2016-10-01,,clopidogrel,clopidogrel
305,2016-10-01,,clorazépate,clorazepaat
306,2016-10-01,,clorofène,clorofeen
307,2016-10-01,,clotiapine,clotiapine
308,2016-10-01,,clotiazépam,clotiazepam
309,2016-10-01,,clotrimazole,clotrimazol
310,2016-10-01,,cloxazolam,cloxazolam
311,2016-10-01,,clozapine,clozapine
312,2016-10-01,,codéine,codeïne
314,2016-10-01,,codéine + guaïfénésine,codeïne + guaifenesine
316,2016-10-01,,caféine,coffeïne
317,2016-10-01,,colchicine,colchicine
318,2016-10-01,,colécalciférol,colecalciferol
319,2016-10-01,,colestipol,colestipol
320,2016-10-01,,colestyramine,colestyramine
321,2016-10-01,,colistiméthate,colistimethaat
322,2016-10-01,,collagénase,collagenase
323,2016-10-01,,collagénases,collagenasen
324,2016-10-01,,corifollitropine alfa,corifollitropine alfa
326,2016-10-01,,crizotinib,crizotinib
328,2016-10-01,,cyanocobalamine,cyanocobalamine
329,2016-10-01,,cyclophosphamide,cyclofosfamide
330,2016-10-01,,cyclopentolate,cyclopentolaat
333,2016-10-01,,cyprotérone,cyproteron
334,2016-10-01,,cyprotérone + éthinylestradiol,cyproteron + ethinylestradiol
335,2016-10-01,,cytarabine,cytarabine
336,2016-10-01,,dabigatran,dabigatran
337,2016-10-01,,dabrafénib,dabrafenib
338,2016-10-01,,dacarbazine,dacarbazine
339,2016-10-01,,daltéparine,dalteparine
340,2016-10-01,,danaparoïde,danaparoïde
341,2016-10-01,,dantrolène,dantroleen
342,2016-10-01,,dapoxétine,dapoxetine
343,2016-10-01,,darbépoétine alfa,darbepoëtine alfa
344,2016-10-01,,darifénacine,darifenacine
345,2016-10-01,,darunavir,darunavir
346,2016-10-01,,dasatinib,dasatinib
347,2016-10-01,,daunorubicine,daunorubicine
348,2016-10-01,,décitabine,decitabine
349,2016-10-01,,déférasirox,deferasirox
350,2016-10-01,,défériprone,deferipron
351,2016-10-01,,déferoxamine,deferoxamine
352,2016-10-01,,dégarélix,degarelix
353,2016-10-01,,dénosumab,denosumab
354,2016-10-01,,déqualinium,dequalinium
355,2016-10-01,,déqualinium + lidocaïne,dequalinium + lidocaïne
356,2016-10-01,,desloratadine,desloratadine
357,2016-10-01,,desmopressine,desmopressine
358,2016-10-01,,désogestrel,desogestrel
359,2016-10-01,,dexaméthasone,dexamethason
360,2016-10-01,,dexaméthasone + chloramphénicol,dexamethason + chlooramfenicol
361,2016-10-01,,dexaméthasone + gentamicine,dexamethason + gentamicine
362,2016-10-01,,dexaméthasone + tobramycine,dexamethason + tobramycine
363,2016-10-01,,dexaméthasone + tramazoline,dexamethason + tramazoline
364,2016-10-01,,dexkétoprofène,dexketoprofen
365,2016-10-01,,dexmédétomidine,dexmedetomidine
366,2016-10-01,,dexrazoxane,dexrazoxan
367,2016-10-01,,dextran + hypromellose,dextraan + hypromellose
368,2016-10-01,,dextrométhorphane,dextromethorfan
369,2016-10-01,,dextrométhorphane + guaïfénésine,dextromethorfan + guaifenesine
370,2016-10-01,,diazépam,diazepam
372,2016-10-01,,diclofénac,diclofenac
373,2016-10-01,,diclofénac + misoprostol,diclofenac + misoprostol
374,2016-10-01,2018-05-17,didanosine,didanosine
376,2016-10-01,,diphenhydramine,difenhydramine
378,2016-10-01,,diflucortolone + isoconazole,diflucortolon + isoconazol
379,2016-10-01,2017-07-30,anatoxine diphtérique + anatoxine tétanique,difterie-anatoxine + tetanus-anatoxine
380,2016-10-01,,digoxine,digoxine
381,2016-10-01,,dihydrocodéine,dihydrocodeïne
382,2016-10-01,2018-02-26,dihydroergotamine,dihydro-ergotamine
383,2016-10-01,,diltiazem,diltiazem
384,2016-10-01,,diménhydrinate,dimenhydrinaat
385,2016-10-01,,dimétindène,dimetindeen
386,2016-10-01,,dimétindène + phényléphrine,dimetindeen + fenylefrine
387,2016-10-01,,dinoprostone,dinoproston
389,2016-10-01,,diosmine + flavonoïdes,diosmine + flavonoïden
390,2016-10-01,,dipyridamole,dipyridamol
391,2016-10-01,,disopyramide,disopyramide
392,2016-10-01,,disulfirame,disulfiram
393,2016-10-01,,dobutamine,dobutamine
394,2016-10-01,,docétaxel,docetaxel
395,2016-10-01,,docosanol,docosanol
396,2016-10-01,,docusate,docusaat
397,2016-10-01,,docusate + glycérol,docusaat + glycerol
398,2016-10-01,2018-05-17,dodéclonium + lidocaïne,dodeclonium + lidocaïne
399,2016-10-01,,dompéridone,domperidon
400,2016-10-01,,donépézil,donepezil
401,2016-10-01,,dornase alfa,dornase alfa
402,2016-10-01,,dorzolamide,dorzolamide
403,2016-10-01,,dorzolamide + timolol,dorzolamide + timolol
404,2016-10-01,,dosulépine,dosulepine
405,2016-10-01,,doxapram,doxapram
406,2016-10-01,2017-09-18,doxépine,doxepine
407,2016-10-01,,doxorubicine,doxorubicine
408,2016-10-01,,doxycycline,doxycycline
409,2016-10-01,,dropéridol,droperidol
410,2016-10-01,,duloxétine,duloxetine
411,2016-10-01,,dutastéride,dutasteride
412,2016-10-01,,dutastéride + tamsulosine,dutasteride + tamsulosine
413,2016-10-01,,dydrogestérone,dydrogesteron
414,2016-10-01,,d-α-tocophérol,d-α-tocoferol
415,2016-10-01,,ébastine,ebastine
418,2016-10-01,,éculizumab,eculizumab
419,2016-10-01,,éfavirenz,efavirenz
420,2016-10-01,,éphédrine,efedrine
421,2016-10-01,,éflornithine,eflornithine
422,2016-10-01,,élétriptan,eletriptan
423,2016-10-01,,eltrombopag,eltrombopag
424,2016-10-01,2018-09-30,émédastine,emedastine
425,2016-10-01,,emtricitabine,emtricitabine
426,2016-10-01,,emtricitabine + ténofovir,emtricitabine + tenofovir
427,2016-10-01,,énalapril,enalapril
428,2016-10-01,,énalapril + hydrochlorothiazide,enalapril + hydrochloorthiazide
429,2016-10-01,,énalapril + lercanidipine,enalapril + lercanidipine
430,2016-10-01,,enfuvirtide,enfuvirtide
431,2016-10-01,,énoxaparine,enoxaparine
433,2016-10-01,,entacapone,entacapon
434,2016-10-01,,entécavir,entecavir
435,2016-10-01,2018-06-29,éosine,eosine
436,2016-10-01,,épinastine,epinastine
437,2016-10-01,,épinéphrine,epinefrine
439,2016-10-01,,épirubicine,epirubicine
440,2016-10-01,,éplérénone,eplerenon
441,2016-10-01,,époétine alfa,epoëtine alfa
442,2016-10-01,,époétine bêta,epoëtine bèta
443,2016-10-01,,époétine zêta,epoëtine zèta
444,2016-10-01,,époprosténol,epoprostenol
445,2016-10-01,,éprosartan,eprosartan
446,2016-10-01,,éprosartan + hydrochlorothiazide,eprosartan + hydrochloorthiazide
448,2016-10-01,,eptifibatide,eptifibatide
449,2016-10-01,,erdostéine,erdosteïne
450,2016-10-01,,ergotamine + caféine,ergotamine + coffeïne
451,2016-10-01,,éribuline,eribuline
452,2016-10-01,,erlotinib,erlotinib
453,2016-10-01,,érythromycine,erythromycine
454,2016-10-01,,érythromycine + zinc,erythromycine + zink
455,2016-10-01,,escitalopram,escitalopram
456,2016-10-01,,esmolol,esmolol
457,2016-10-01,,ésoméprazole,esomeprazol
458,2016-10-01,,estradiol,estradiol
460,2016-10-01,,estradiol + drospirénone,estradiol + drospirenon
461,2016-10-01,,estradiol + dydrogestérone,estradiol + dydrogesteron
462,2016-10-01,,estradiol + noréthistérone,estradiol + norethisteron
463,2016-10-01,,estramustine,estramustine
464,2016-10-01,,estriol,estriol
465,2016-10-01,,estriol + Lactobacillus acidophilus,estriol + Lactobacillus acidophilus
466,2016-10-01,,étamsylate,etamsylaat
467,2016-10-01,,étanercept,etanercept
468,2016-10-01,,éthambutol,ethambutol
469,2016-10-01,,éthinylestradiol + chlormadinone,ethinylestradiol + chloormadinon
470,2016-10-01,,éthinylestradiol + désogestrel,ethinylestradiol + desogestrel
472,2016-10-01,,éthinylestradiol + drospirénone,ethinylestradiol + drospirenon
473,2016-10-01,,éthinylestradiol + gestodène,ethinylestradiol + gestodeen
474,2016-10-01,,éthinylestradiol + lévonorgestrel,ethinylestradiol + levonorgestrel
475,2016-10-01,,éthinylestradiol + norelgestromine,ethinylestradiol + norelgestromin
476,2016-10-01,2017-06-12,éthinylestradiol + noréthistérone,ethinylestradiol + norethisteron
477,2016-10-01,,éthosuximide,ethosuximide
478,2016-10-01,,loflazépate d'éthyle,ethylloflazepaat
479,2016-10-01,,éthylmorphine,ethylmorfine
480,2016-10-01,,éthylmorphine + guaïfénésine,ethylmorfine + guaifenesine
481,2016-10-01,,étiléfrine,etilefrine
482,2016-10-01,,étofénamate,etofenamaat
483,2016-10-01,,étomidate,etomidaat
484,2016-10-01,,étonogestrel,etonogestrel
485,2016-10-01,,étonogestrel + éthinylestradiol,etonogestrel + ethinylestradiol
486,2016-10-01,,étoposide,etoposide
487,2016-10-01,,étoricoxib,etoricoxib
488,2016-10-01,,étravirine,etravirine
489,2016-10-01,,eucalyptol + lévomenthol,eucalyptol + levomenthol
490,2016-10-01,,évérolimus,everolimus
491,2016-10-01,,exémestane,exemestan
493,2016-10-01,,extrait d'Escherichia coli,extract van Escherichia coli
494,2016-10-01,,ézétimibe,ezetimibe
495,2016-10-01,,ézétimibe + simvastatine,ezetimibe + simvastatine
496,2016-10-01,,facteur IX,factor IX
497,2016-10-01,,facteur VIII,factor VIII
498,2016-10-01,,facteur VIII + facteur von Willebrand,factor VIII + factor von Willebrand
499,2016-10-01,,facteur von Willebrand,factor von Willebrand
500,2016-10-01,,fébuxostat,febuxostat
502,2016-10-01,,felbamate,felbamaat
503,2016-10-01,2017-09-03,felbinac,felbinac
504,2016-10-01,,félodipine,felodipine
505,2016-10-01,,félodipine + ramipril,felodipine + ramipril
506,2016-10-01,,phénazopyridine,fenazopyridine
507,2016-10-01,,phénelzine,fenelzine
509,2016-10-01,,phénobarbital,fenobarbital
512,2016-10-01,,fénotérol + ipratropium,fenoterol + ipratropium
513,2016-10-01,,phénoxyméthylpénicilline,fenoxymethylpenicilline
514,2016-10-01,,phenprocoumone,fenprocoumon
515,2016-10-01,,fentanyl,fentanyl
516,2016-10-01,,fenticonazole,fenticonazol
517,2016-10-01,,phényléphrine,fenylefrine
518,2016-10-01,,phényléphrine + chlorphénamine,fenylefrine + chloorfenamine
519,2016-10-01,2018-11-29,phényléphrine + diphénylpyraline,fenylefrine + difenylpyraline
520,2016-10-01,,phényléphrine + tropicamide,fenylefrine + tropicamide
521,2016-10-01,,phénytoïne,fenytoïne
522,2016-10-01,,fésotérodine,fesoterodine
523,2016-10-01,,fexofénadine,fexofenadine
524,2016-10-01,,fibrinogène,fibrinogeen
525,2016-10-01,,fibrinogène + thrombine,fibrinogeen + trombine
526,2016-10-01,,fidaxomicine,fidaxomicine
527,2016-10-01,,filgrastim,filgrastim
528,2016-10-01,,finastéride,finasteride
529,2016-10-01,,fingolimod,fingolimod
531,2016-10-01,2018-11-29,flavoxate,flavoxaat
532,2016-10-01,,flécaïnide,flecaïnide
533,2016-10-01,,flucloxacilline,flucloxacilline
534,2016-10-01,,fluconazole,fluconazol
535,2016-10-01,,fludarabine,fludarabine
536,2016-10-01,,flumazénil,flumazenil
537,2016-10-01,,flumétasone,flumetason
538,2016-10-01,,flumétasone + acide salicylique,flumetason + salicylzuur
539,2016-10-01,,flunarizine,flunarizine
540,2016-10-01,,flunitrazépam,flunitrazepam
542,2016-10-01,,fluorescéine,fluoresceïne
543,2016-10-01,,fluorométholone,fluorometholon
544,2016-10-01,,fluorouracil,fluorouracil
545,2016-10-01,,fluoxétine,fluoxetine
546,2016-10-01,,flupentixol,flupentixol
547,2016-10-01,,flurazépam,flurazepam
548,2016-10-01,,flurbiprofène,flurbiprofen
549,2016-10-01,,fluspirilène,fluspirileen
550,2016-10-01,,flutamide,flutamide
551,2016-10-01,,fluticasone,fluticason
552,2016-10-01,,fluticasone + formotérol,fluticason + formoterol
553,2016-10-01,,fluticasone + vilantérol,fluticason + vilanterol
554,2016-10-01,,fluvastatine,fluvastatine
555,2016-10-01,,fluvoxamine,fluvoxamine
556,2016-10-01,,pholcodine + sulfogaïacol,folcodine + sulfoguaiacol
557,2016-10-01,,acide folinique,folinezuur
558,2016-10-01,,acide folique,foliumzuur
560,2016-10-01,,follitropine alfa,follitropine alfa
561,2016-10-01,,follitropine alfa + lutropine alfa,follitropine alfa + lutropine alfa
562,2016-10-01,,follitropine bêta,follitropine bèta
563,2016-10-01,,fondaparinux,fondaparinux
564,2016-10-01,,formotérol,formoterol
565,2016-10-01,,formotérol + béclométasone,formoterol + beclometason
567,2016-10-01,,fosamprénavir,fosamprenavir
568,2016-10-01,,fosaprépitant,fosaprepitant
569,2016-10-01,,foscarnet,foscarnet
570,2016-10-01,,fosfomycine,fosfomycine
571,2016-10-01,,fosinopril,fosinopril
572,2016-10-01,,fotémustine,fotemustine
573,2016-10-01,,framycétine,framycetine
574,2016-10-01,,framycétine + naphazoline,framycetine + nafazoline
575,2016-10-01,,frovatriptan,frovatriptan
576,2016-10-01,,fulvestrant,fulvestrant
577,2016-10-01,,furosémide,furosemide
578,2016-10-01,,furosémide + amiloride,furosemide + amiloride
580,2016-10-01,,acide fusidique,fusidinezuur
581,2016-10-01,,phytoménadione,fytomenadion
582,2016-10-01,,gabapentine,gabapentine
583,2016-10-01,,acide gadobénique,gadobeenzuur
584,2016-10-01,,gadobutrol,gadobutrol
585,2016-10-01,2017-12-21,gadodiamide,gadodiamide
587,2016-10-01,,acide gadotérique,gadoteerzuur
588,2016-10-01,,gadotéridol,gadoteridol
590,2016-10-01,,galantamine,galantamine
591,2016-10-01,,galsulfase,galsulfase
592,2016-10-01,,ganciclovir,ganciclovir
593,2016-10-01,,ganirélix,ganirelix
594,2016-10-01,,charbon activé,geactiveerde kool
595,2016-10-01,2017-06-12,charbon activé + Streptococcus lactis,geactiveerde kool + Streptococcus lactis
596,2016-10-01,,géfitinib,gefitinib
598,2016-10-01,,gemcitabine,gemcitabine
599,2016-10-01,,gentamicine,gentamicine
600,2016-10-01,,gentamicine + zirconium dioxyde,gentamicine + zirconiumdioxide
603,2016-10-01,,glatiramère,glatirameer
604,2016-10-01,,glibenclamide,glibenclamide
605,2016-10-01,,gliclazide,gliclazide
606,2016-10-01,,glimépiride,glimepiride
607,2016-10-01,,glipizide,glipizide
608,2016-10-01,,gliquidone,gliquidon
609,2016-10-01,,glucagon,glucagon
610,2016-10-01,,glucosamine,glucosamine
611,2016-10-01,,glycérol,glycerol
613,2016-10-01,,glycopyrronium,glycopyrronium
614,2016-10-01,,glycopyrronium + néostigmine,glycopyrronium + neostigmine
615,2016-10-01,,golimumab,golimumab
616,2016-10-01,,goséréline,gosereline
617,2016-10-01,,granisétron,granisetron
618,2016-10-01,,guaïfénésine,guaifenesine
619,2016-10-01,2018-11-11,guaïfénésine + noscapine,guaifenesine + noscapine
621,2016-10-01,,halopéridol,haloperidol
622,2016-10-01,,hémine,hemine
623,2016-10-01,,héparine,heparine
624,2016-10-01,,héparine + zinc,heparine + zink
628,2016-10-01,,hexamidine,hexamidine
629,2016-10-01,,hexamidine + lidocaïne,hexamidine + lidocaïne
631,2016-10-01,,hexyl aminolévulinate,hexaminolevulinaat
632,2016-10-01,,hexétidine,hexetidine
637,2016-10-01,2016-10-31,hydrochlorothiazide + spironolactone,hydrochloorthiazide + spironolacton
638,2016-10-01,,hydrocortisone,hydrocortison
639,2016-10-01,,hydrocortisone + acide fusidique,hydrocortison + fusidinezuur
640,2016-10-01,,hydrocortisone + miconazole,hydrocortison + miconazol
641,2016-10-01,,hydrocortisone + oxytétracycline,hydrocortison + oxytetracycline
642,2016-10-01,,hydromorphone,hydromorfon
643,2016-10-01,2018-04-29,hydrotalcite,hydrotalciet
644,2016-10-01,,hydroxocobalamine,hydroxocobalamine
645,2016-10-01,,hydroxycarbamide,hydroxycarbamide
646,2016-10-01,,hydroxychloroquine,hydroxychloroquine
647,2016-10-01,,hydroxyéthylrutosides,hydroxyethylrutosiden
648,2016-10-01,,hydroxyzine,hydroxyzine
649,2016-10-01,2017-06-12,hymécromone,hymecromon
651,2016-10-01,,hypromellose,hypromellose
652,2016-10-01,,acide ibandronique,ibandroninezuur
654,2016-10-01,,ibuprofène,ibuprofen
655,2016-10-01,,icatibant,icatibant
656,2016-10-01,,ichtammol,ichtammol
657,2016-10-01,,idarubicine,idarubicine
658,2016-10-01,,idursulfase,idursulfase
659,2016-10-01,,ifosfamide,ifosfamide
661,2016-10-01,,fer(III),ijzer(III)
663,2016-10-01,,iloprost,iloprost
664,2016-10-01,,imatinib,imatinib
665,2016-10-01,,imiglucérase,imiglucerase
666,,,,
667,2016-10-01,,imipramine,imipramine
668,2016-10-01,,imiquimod,imiquimod
669,2016-10-01,,immunoglobulines,immunoglobulinen
674,2016-10-01,,indacatérol,indacaterol
675,2016-10-01,,indapamide,indapamide
676,2016-10-01,2017-06-12,indinavir,indinavir
677,2016-10-01,,vert d'indocyanine,indocyaninegroen
678,2016-10-01,,indométacine,indometacine
679,2016-10-01,,infliximab,infliximab
681,2016-10-01,2017-12-21,ingénol,ingenol
682,2016-10-01,,inosine,inosine
683,2016-10-01,,insuline,insuline
684,2016-10-01,,insuline aspart,insuline aspart
685,2016-10-01,2017-06-12,insuline aspart + insuline aspart protamine,insuline aspart + insuline aspart protamine
686,2016-10-01,,insuline détémir,insuline detemir
687,2016-10-01,,insuline glargine,insuline glargine
688,2016-10-01,,insuline glulisine,insuline glulisine
689,2016-10-01,,insuline + insuline isophane,insuline + insuline-isofaan
690,2016-10-01,,insuline isophane,insuline-isofaan
691,2016-10-01,,insuline lispro,insuline lispro
692,2016-10-01,2017-06-12,insuline lispro + insuline lispro protamine,insuline lispro + insuline lispro protamine
693,2016-10-01,,interféron alfa-2a,interferon alfa-2a
694,2016-10-01,,interféron alfa-2b,interferon alfa-2b
695,2016-10-01,,interféron bêta-1a,interferon bèta-1a
696,2016-10-01,,interféron bêta-1b,interferon bèta-1b
697,2016-10-01,2018-06-29,interféron gamma-1b,interferon gamma-1b
699,2016-10-01,,ipilimumab,ipilimumab
700,2016-10-01,,ipratropium,ipratropium
701,2016-10-01,,ipratropium + salbutamol,ipratropium + salbutamol
702,2016-10-01,,ipratropium + xylométazoline,ipratropium + xylometazoline
703,2016-10-01,,irbésartan,irbesartan
704,2016-10-01,,irbésartan + hydrochlorothiazide,irbesartan + hydrochloorthiazide
705,2016-10-01,,irinotécan,irinotecan
706,2016-10-01,,isoconazole,isoconazol
707,2016-10-01,,isoniazide,isoniazide
708,2016-10-01,,isoprénaline,isoprenaline
709,2016-10-01,,isosorbide,isosorbide
710,2016-10-01,,isotrétinoïne,isotretinoïne
711,2016-10-01,,isradipine,isradipine
712,2016-10-01,,itraconazole,itraconazol
713,2016-10-01,,ivabradine,ivabradine
715,2016-10-01,,iobitridol,jobitridol
716,2016-10-01,,iodixanol,jodixanol
717,2016-10-01,,iohexol,johexol
718,2016-10-01,,ioméprol,jomeprol
720,2016-10-01,,iopromide,jopromide
721,2016-10-01,,ioversol,joversol
727,2016-10-01,,camphre,kamfer
728,2016-10-01,,kétamine,ketamine
729,2016-10-01,,kétoconazole,ketoconazol
730,2016-10-01,,kétoprofène,ketoprofen
731,2016-10-01,,kétorolac,ketorolac
732,2016-10-01,,kétotifène,ketotifen
733,2016-10-01,,labétalol,labetalol
734,2016-10-01,2017-06-12,lacidipine,lacidipine
735,2016-10-01,,lacosamide,lacosamide
736,2016-10-01,,lactitol,lactitol
737,2016-10-01,,Lactobacillus acidophilus,Lactobacillus acidophilus
738,2016-10-01,,lactulose,lactulose
739,2016-10-01,,lamivudine,lamivudine
740,2016-10-01,,lamivudine + zidovudine,lamivudine + zidovudine
741,2016-10-01,,lamotrigine,lamotrigine
742,2016-10-01,,lanréotide,lanreotide
743,2016-10-01,,lansoprazole,lansoprazol
744,2016-10-01,,lanthane,lanthaan
745,2016-10-01,,lapatinib,lapatinib
746,2016-10-01,,laronidase,laronidase
747,2016-10-01,,latanoprost,latanoprost
748,2016-10-01,,latanoprost + timolol,latanoprost + timolol
749,2016-10-01,,léflunomide,leflunomide
750,2016-10-01,,lénalidomide,lenalidomide
751,2016-10-01,,lénograstime,lenograstim
752,2016-10-01,,lercanidipine,lercanidipine
753,2016-10-01,,létrozole,letrozol
754,2016-10-01,,leuproréline,leuproreline
756,2016-10-01,,lévétiracétam,levetiracetam
757,2016-10-01,,lévobunolol,levobunolol
758,2016-10-01,,lévobupivacaïne,levobupivacaïne
759,2016-10-01,,lévocabastine,levocabastine
760,2016-10-01,,lévocétirizine,levocetirizine
761,2016-10-01,,lévodopa + bensérazide,levodopa + benserazide
762,2016-10-01,,lévodopa + carbidopa,levodopa + carbidopa
763,2016-10-01,,lévodropropizine,levodropropizine
764,2016-10-01,,lévofloxacine,levofloxacine
765,2016-10-01,,acide lévofolinique,levofolinezuur
766,2016-10-01,,lévomépromazine,levomepromazine
767,2016-10-01,,lévonorgestrel,levonorgestrel
768,2016-10-01,,lévothyroxine,levothyroxine
769,2016-10-01,,lidocaïne,lidocaïne
770,2016-10-01,2018-05-17,lidocaïne + prednisolone,lidocaïne + prednisolon
771,2016-10-01,,lidocaïne + prilocaïne,lidocaïne + prilocaïne
772,2016-10-01,,lidocaïne + tétracaïne,lidocaïne + tetracaïne
773,2016-10-01,,lidocaïne + triamcinolone,lidocaïne + triamcinolon
774,2016-10-01,,lidocaïne + tyrothricine,lidocaïne + tyrothricine
776,2016-10-01,,linagliptine,linagliptine
777,2016-10-01,,linagliptine + metformine,linagliptine + metformine
778,2016-10-01,,lincomycine,lincomycine
779,2016-10-01,,linézolide,linezolid
781,2016-10-01,,liraglutide,liraglutide
782,2016-10-01,,lisinopril,lisinopril
783,2016-10-01,,lisinopril + hydrochlorothiazide,lisinopril + hydrochloorthiazide
786,2016-10-01,,lixisénatide,lixisenatide
787,2016-10-01,,lodoxamide,lodoxamide
788,2016-10-01,,lopéramide,loperamide
789,2016-10-01,,lopéramide + siméticone,loperamide + simeticon
790,2016-10-01,,lopinavir + ritonavir,lopinavir + ritonavir
791,2016-10-01,,loprazolam,loprazolam
792,2016-10-01,,loratadine,loratadine
793,2016-10-01,,lorazépam,lorazepam
794,2016-10-01,,lormétazépam,lormetazepam
795,2016-10-01,,losartan,losartan
796,2016-10-01,,losartan + hydrochlorothiazide,losartan + hydrochloorthiazide
797,2016-10-01,,lutropine alfa,lutropine alfa
798,2016-10-01,2018-11-29,lymécycline,lymecycline
799,2016-10-01,,lynestrénol,lynestrenol
801,2016-10-01,,macitentan,macitentan
802,2016-10-01,,macrogol 4.000,macrogol 4.000
803,2016-10-01,,magaldrate,magaldraat
805,2016-10-01,2018-05-17,malathion,malathion
806,2016-10-01,,maprotiline,maprotiline
807,2016-10-01,,maraviroc,maraviroc
808,2016-10-01,,mébendazole,mebendazol
809,2016-10-01,,mébévérine,mebeverine
810,2016-10-01,,mécasermine,mecasermine
811,2016-10-01,,méclozine,meclozine
812,2016-10-01,,médroxyprogestérone,medroxyprogesteron
813,2016-10-01,,méfloquine,mefloquine
814,2016-10-01,,mégestrol,megestrol
815,2016-10-01,,mélatonine,melatonine
816,2016-10-01,,melphalan,melfalan
819,2016-10-01,2017-10-11,acide lactique,melkzuur
820,2016-10-01,,méloxicam,meloxicam
821,2016-10-01,,mémantine,memantine
824,2016-10-01,,ménotropine (HMG),menopauzegonadotrofine (HMG)
826,2016-10-01,,mépivacaïne,mepivacaïne
827,2016-10-01,2017-07-30,merbromine,merbromine
828,2016-10-01,,mercaptamine,mercaptamine
829,2016-10-01,,mercaptopurine,mercaptopurine
830,2016-10-01,,méropénem,meropenem
831,2016-10-01,,mésalazine,mesalazine
832,2016-10-01,,mesna,mesna
833,2016-10-01,,mestérolone,mesterolon
834,2016-10-01,,métamizole,metamizol
835,2016-10-01,,metformine,metformine
836,2016-10-01,,méthadone,methadon
837,2016-10-01,,méthotrexate,methotrexaat
838,2016-10-01,2018-11-29,méthoxsalène,methoxsaleen
840,2016-10-01,,méthyl aminolévulinate,methylaminolevulinaat
841,2016-10-01,,méthyldopa,methyldopa
842,2016-10-01,,méthylergométrine,methylergometrine
843,2016-10-01,,méthylphénidate,methylfenidaat
844,2016-10-01,,méthylnaltrexone,methylnaltrexon
845,2016-10-01,,méthylprednisolone,methylprednisolon
846,2016-10-01,,méthylprednisolone + lidocaïne,methylprednisolon + lidocaïne
847,2016-10-01,,méthylthioninium,methylthioninium
849,2016-10-01,,métildigoxine,metildigoxine
850,2016-10-01,,métoclopramide,metoclopramide
851,2016-10-01,,métoprolol,metoprolol
852,2016-10-01,2018-01-30,métoprolol + chlortalidone,metoprolol + chloortalidon
853,2016-10-01,,métoprolol + félodipine,metoprolol + felodipine
854,2016-10-01,2018-06-19,métoprolol + hydrochlorothiazide,metoprolol + hydrochloorthiazide
855,2016-10-01,,métronidazole,metronidazol
856,2016-10-01,,miansérine,mianserine
857,2016-10-01,,miconazole,miconazol
859,2016-10-01,,midazolam,midazolam
860,2016-10-01,,mifépristone,mifepriston
861,2016-10-01,,miglustat,miglustaat
862,2016-10-01,,milrinone,milrinon
863,2016-10-01,,minocycline,minocycline
864,2016-10-01,,minoxidil,minoxidil
865,2016-10-01,,mirabégron,mirabegron
866,2016-10-01,,mirtazapine,mirtazapine
867,2016-10-01,,misoprostol,misoprostol
868,2016-10-01,,mitomycine,mitomycine
869,2016-10-01,,mitotane,mitotaan
870,2016-10-01,,mitoxantrone,mitoxantron
871,2016-10-01,,mivacurium,mivacurium
872,2016-10-01,,mizolastine,mizolastine
873,2016-10-01,,moclobémide,moclobemide
874,2016-10-01,,modafinil,modafinil
875,2016-10-01,,molsidomine,molsidomine
876,2016-10-01,,mométasone,mometason
878,2016-10-01,,montélukast,montelukast
879,2016-10-01,,morphine,morfine
880,2016-10-01,,moroctocog alfa,moroctocog alfa
881,2016-10-01,,moxifloxacine,moxifloxacine
882,2016-10-01,,moxonidine,moxonidine
883,2016-10-01,,mucopolysaccharide,mucopolysacharide
884,2016-10-01,,mupirocine,mupirocine
885,2016-10-01,,acide mycophénolique,mycofenolzuur
886,2016-10-01,,nabumétone,nabumeton
887,2016-10-01,,nadroparine,nadroparine
888,2016-10-01,,naphazoline,nafazoline
889,2016-10-01,,naphazoline + phéniramine,nafazoline + feniramine
890,2016-10-01,,naftazone,naftazon
891,2016-10-01,,naftidrofuryl,naftidrofuryl
892,2016-10-01,,nalméfène,nalmefeen
893,2016-10-01,,naloxone,naloxon
894,2016-10-01,,naltrexone,naltrexon
895,2016-10-01,,nandrolone,nandrolon
896,2016-10-01,,naproxène,naproxen
897,2016-10-01,,naproxène + ésoméprazole,naproxen + esomeprazol
898,2016-10-01,,naratriptan,naratriptan
899,2016-10-01,,natalizumab,natalizumab
903,2016-10-01,,nébivolol,nebivolol
904,2016-10-01,,nébivolol + hydrochlorothiazide,nebivolol + hydrochloorthiazide
905,2016-10-01,,néfopam,nefopam
906,2016-10-01,,nélarabine,nelarabine
907,2016-10-01,,néostigmine,neostigmine
908,2016-10-01,,névirapine,nevirapine
909,2016-10-01,,nicardipine,nicardipine
910,2016-10-01,,niclosamide,niclosamide
911,2016-10-01,,nicotinamide,nicotinamide
912,2016-10-01,,nicotine,nicotine
913,2016-10-01,,nifédipine,nifedipine
914,2016-10-01,,acide niflumique,nifluminezuur
915,2016-10-01,2017-06-12,nifurtoïnol,nifurtoïnol
916,2016-10-01,,nilotinib,nilotinib
917,2016-10-01,,nimodipine,nimodipine
918,2016-10-01,2018-05-17,nisoldipine,nisoldipine
919,2016-10-01,,nitisinone,nitisinon
920,2016-10-01,,nitrazépam,nitrazepam
921,2016-10-01,2018-02-26,nitrendipine,nitrendipine
922,2016-10-01,,nitrofural,nitrofural
923,2016-10-01,,nitrofurantoïne,nitrofurantoïne
924,2016-10-01,,nitroglycérine,nitroglycerine
925,2016-10-01,,nomégestrol,nomegestrol
926,2016-10-01,,nonacog alfa,nonacog alfa
927,2016-10-01,,nordazépam,nordazepam
928,2016-10-01,,norépinéphrine,norepinefrine
929,2016-10-01,2017-12-21,noréthistérone,norethisteron
930,2016-10-01,,norfloxacine,norfloxacine
931,2016-10-01,,nortriptyline,nortriptyline
932,2016-10-01,,noscapine,noscapine
933,2016-10-01,,nystatine,nystatine
934,2016-10-01,,ocriplasmine,ocriplasmine
935,2016-10-01,,octocog alfa,octocog alfa
936,2016-10-01,,octréotide,octreotide
937,2016-10-01,,ofloxacine,ofloxacine
938,2016-10-01,,olanzapine,olanzapine
940,2016-10-01,,olmésartan,olmesartan
941,2016-10-01,,olmésartan + amlodipine,olmesartan + amlodipine
942,2016-10-01,,olmésartan + hydrochlorothiazide,olmesartan + hydrochloorthiazide
943,2016-10-01,,olopatadine,olopatadine
944,2016-10-01,,omalizumab,omalizumab
945,2016-10-01,,acides gras oméga-3 (esters éthyliques),omega-3-vetzuren (ethylesters)
946,2016-10-01,,oméprazole,omeprazol
947,2016-10-01,,ondansétron,ondansetron
948,2016-10-01,,orlistat,orlistat
949,2016-10-01,,ornidazole,ornidazol
951,2016-10-01,,otilonium,otilonium
952,2016-10-01,2018-02-26,oxacilline,oxacilline
953,2016-10-01,,oxaliplatine,oxaliplatine
954,2016-10-01,2019-01-20,oxaprozine,oxaprozine
955,2016-10-01,,oxazépam,oxazepam
956,2016-10-01,,oxcarbazépine,oxcarbazepine
957,2016-10-01,,oxybate,oxybaat
958,2016-10-01,,oxybuprocaïne,oxybuprocaïne
959,2016-10-01,,oxybutynine,oxybutynine
960,2016-10-01,,oxycodone,oxycodon
961,2016-10-01,,oxycodone + naloxone,oxycodon + naloxon
962,2016-10-01,,oxymétazoline,oxymetazoline
963,2016-10-01,,oxytétracycline + polymyxine B,oxytetracycline + polymyxine B
964,2016-10-01,,oxytocine,oxytocine
965,2016-10-01,,paclitaxel,paclitaxel
967,2016-10-01,,palipéridone,paliperidon
968,2016-10-01,,palivizumab,palivizumab
969,2016-10-01,,palonosétron,palonosetron
971,2016-10-01,,panitumumab,panitumumab
972,2016-10-01,,pantoprazole,pantoprazol
973,2016-10-01,,papavérine,papaverine
974,2016-10-01,,paracétamol,paracetamol
975,2016-10-01,,paracétamol + codéine,paracetamol + codeïne
976,2016-10-01,,paracétamol + caféine,paracetamol + coffeïne
977,2016-10-01,,paracétamol + pseudoéphédrine,paracetamol + pseudo-efedrine
979,2016-10-01,,parécoxib,parecoxib
980,2016-10-01,,paromomycine,paromomycine
981,2016-10-01,,paroxétine,paroxetine
984,2016-10-01,,bleu patenté V,patentblauw V
985,2016-10-01,,pazopanib,pazopanib
989,2016-10-01,,pegvisomant,pegvisomant
993,2016-10-01,,pémétrexed,pemetrexed
994,2016-10-01,,penciclovir,penciclovir
995,2016-10-01,,pentamidine,pentamidine
996,2016-10-01,2017-08-20,pentazocine,pentazocine
997,2016-10-01,,pentoxifylline,pentoxifylline
999,2016-10-01,,pérampanel,perampanel
1000,2016-10-01,,périndopril,perindopril
1001,2016-10-01,,périndopril + amlodipine,perindopril + amlodipine
1002,2016-10-01,,périndopril + indapamide,perindopril + indapamide
1003,2016-10-01,,perméthrine,permethrine
1004,2016-10-01,,pertuzumab,pertuzumab
1005,2016-10-01,,picosulfate,picosulfaat
1006,2016-10-01,,pilocarpine,pilocarpine
1007,2016-10-01,,pimécrolimus,pimecrolimus
1008,2016-10-01,,pimozide,pimozide
1010,2016-10-01,,pioglitazone,pioglitazon
1011,2016-10-01,,pipampérone,pipamperon
1012,2016-10-01,,pipéracilline + tazobactam,piperacilline + tazobactam
1013,2016-10-01,,pipéraquine + arténimol,piperaquine + artenimol
1014,2016-10-01,,piracétam,piracetam
1015,2016-10-01,,pirfénidone,pirfenidon
1016,2016-10-01,,piritramide,piritramide
1017,2016-10-01,,piroxicam,piroxicam
1022,2016-10-01,,plérixafor,plerixafor
1025,2016-10-01,,polidocanol,polidocanol
1027,2016-10-01,,polystyrène sulfonate,polystyreensulfonaat
1029,2016-10-01,,pomalidomide,pomalidomide
1030,2016-10-01,,posaconazole,posaconazol
1031,2016-10-01,,povidone,povidon
1032,2016-10-01,,povidone iodée,povidon-jood
1033,2016-10-01,,povidone iodée + éthanol,povidon-jood + ethanol
1035,2016-10-01,,pramipexole,pramipexol
1036,2016-10-01,,prasugrel,prasugrel
1037,2016-10-01,,pravastatine,pravastatine
1039,2016-10-01,,prazépam,prazepam
1040,2016-10-01,,prazosine,prazosine
1041,2016-10-01,,prednisolone,prednisolon
1042,2016-10-01,2017-10-11,prednisone,prednison
1043,2016-10-01,,prégabaline,pregabaline
1044,2016-10-01,,prilocaïne,prilocaïne
1045,2016-10-01,,primidone,primidon
1046,2016-10-01,,procaïne,procaïne
1047,2016-10-01,,procyclidine,procyclidine
1048,2016-10-01,,progestérone,progesteron
1049,2016-10-01,2018-09-08,proglumétacine,proglumetacine
1050,2016-10-01,2017-07-30,prométhazine,promethazine
1051,2016-10-01,,propafénone,propafenon
1052,2016-10-01,,propivérine,propiverine
1053,2016-10-01,,propofol,propofol
1054,2016-10-01,,propranolol,propranolol
1055,2016-10-01,,propylthiouracile,propylthiouracil
1056,2016-10-01,,protamine,protamine
1057,2016-10-01,,protéine C,proteïne C
1058,2016-10-01,,prothipendyl,prothipendyl
1059,2016-10-01,,proxymétacaïne,proxymetacaïne
1060,2016-10-01,,prucalopride,prucalopride
1061,2016-10-01,,pseudoéphédrine,pseudo-efedrine
1062,2016-10-01,,pseudoéphédrine + cétirizine,pseudo-efedrine + cetirizine
1063,2016-10-01,,pseudoéphédrine + desloratadine,pseudo-efedrine + desloratadine
1064,2016-10-01,,pseudoéphédrine + loratadine,pseudo-efedrine + loratadine
1065,2016-10-01,,pyrazinamide,pyrazinamide
1066,2016-10-01,,pyridostigmine,pyridostigmine
1067,2016-10-01,,pyridoxine,pyridoxine
1068,2016-10-01,2018-01-17,pyridoxine + thiamine,pyridoxine + thiamine
1069,2016-10-01,,pyriméthamine,pyrimethamine
1070,2016-10-01,,quétiapine,quetiapine
1071,2016-10-01,,quinagolide,quinagolide
1072,2016-10-01,,quinapril,quinapril
1073,2016-10-01,,quinapril + hydrochlorothiazide,quinapril + hydrochloorthiazide
1074,2016-10-01,,rabéprazole,rabeprazol
1076,2016-10-01,,racécadotril,racecadotril
1077,2016-10-01,,raloxifène,raloxifeen
1078,2016-10-01,,raltégravir,raltegravir
1079,2016-10-01,,raltitrexed,raltitrexed
1080,2016-10-01,,ramipril,ramipril
1081,2016-10-01,,ramipril + hydrochlorothiazide,ramipril + hydrochloorthiazide
1082,2016-10-01,,ranibizumab,ranibizumab
1083,2016-10-01,,ranitidine,ranitidine
1084,2016-10-01,,rasagiline,rasagiline
1085,2016-10-01,,rasburicase,rasburicase
1086,2016-10-01,,réboxétine,reboxetine
1087,2016-10-01,,rémifentanil,remifentanil
1088,2016-10-01,,répaglinide,repaglinide
1089,2016-10-01,2017-07-30,rétigabine,retigabine
1090,2016-10-01,2018-10-18,rétinol,retinol
1093,2016-10-01,,ribavirine,ribavirine
1094,2016-10-01,,rifabutine,rifabutine
1095,2016-10-01,,rifampicine,rifampicine
1096,2016-10-01,,rifamycine,rifamycine
1097,2016-10-01,,rifaximine,rifaximine
1098,2016-10-01,,rilpivirine,rilpivirine
1099,2016-10-01,,riluzole,riluzol
1101,2016-10-01,,riociguat,riociguat
1103,2016-10-01,,rispéridone,risperidon
1105,2016-10-01,,ritonavir,ritonavir
1106,2016-10-01,,rituximab,rituximab
1107,2016-10-01,,rivaroxaban,rivaroxaban
1108,2016-10-01,,rivastigmine,rivastigmine
1109,2016-10-01,,rizatriptan,rizatriptan
1110,2016-10-01,,rocuronium,rocuronium
1111,2016-10-01,,romiplostim,romiplostim
1112,2016-10-01,,ropinirole,ropinirol
1113,2016-10-01,,ropivacaïne,ropivacaïne
1114,2016-10-01,,rosuvastatine,rosuvastatine
1117,2016-10-01,,rotigotine,rotigotine
1118,2016-10-01,,roxithromycine,roxithromycine
1119,2016-10-01,,rufinamide,rufinamide
1120,2016-10-01,,rupatadine,rupatadine
1121,2016-10-01,,ruxolitinib,ruxolitinib
1122,2016-10-01,,Saccharomyces boulardii,Saccharomyces boulardii
1123,2016-10-01,,salbutamol,salbutamol
1124,2016-10-01,,acide salicylique,salicylzuur
1125,2016-10-01,,salmétérol,salmeterol
1126,2016-10-01,,salmétérol + fluticasone,salmeterol + fluticason
1129,2016-10-01,,saproptérine,sapropterine
1130,2016-10-01,,saquinavir,saquinavir
1131,2016-10-01,,saxagliptine,saxagliptine
1132,2016-10-01,,saxagliptine + metformine,saxagliptine + metformine
1133,2016-10-01,,scopolamine,scopolamine
1134,2016-10-01,,sélégiline,selegiline
1137,2016-10-01,,sertindole,sertindol
1138,2016-10-01,,sertraline,sertraline
1139,2016-10-01,,sévélamer,sevelamer
1140,2016-10-01,,sildénafil,sildenafil
1141,2016-10-01,,silibinine,silibinine
1142,2016-10-01,,silodosine,silodosine
1144,2016-10-01,2018-05-17,siméprévir,simeprevir
1145,2016-10-01,,siméticone,simeticon
1146,2016-10-01,,simvastatine,simvastatine
1147,2016-10-01,,sirolimus,sirolimus
1149,2016-10-01,,sitagliptine,sitagliptine
1150,2016-10-01,,sitagliptine + metformine,sitagliptine + metformine
1151,2016-10-01,,sofosbuvir,sofosbuvir
1152,2016-10-01,,solifénacine,solifenacine
1153,2016-10-01,,somatoréline,somatoreline
1154,2016-10-01,,somatostatine,somatostatine
1155,2016-10-01,,somatropine,somatropine
1156,2016-10-01,,sorafénib,sorafenib
1157,2016-10-01,,sorbitol,sorbitol
1158,2016-10-01,,sotalol,sotalol
1159,2016-10-01,2016-10-31,spectinomycine,spectinomycine
1160,2016-10-01,,spiramycine,spiramycine
1161,2016-10-01,,spironolactone,spironolacton
1162,2016-10-01,,spironolactone + altizide,spironolacton + altizide
1163,2016-10-01,2017-12-21,stavudine,stavudine
1165,2016-10-01,,stiripentol,stiripentol
1167,2016-10-01,,sufentanil,sufentanil
1168,2016-10-01,,sugammadex,sugammadex
1169,2016-10-01,,sulconazole,sulconazol
1170,2016-10-01,,sulfacétamide,sulfacetamide
1172,2016-10-01,,sulfaméthoxazole + triméthoprime,sulfamethoxazol + trimethoprim
1173,2016-10-01,,sulfasalazine,sulfasalazine
1174,2016-10-01,,sulpiride,sulpiride
1175,2016-10-01,,sumatriptan,sumatriptan
1176,2016-10-01,,sunitinib,sunitinib
1178,2016-10-01,,suxaméthonium,suxamethonium
1180,2016-10-01,,tacalcitol,tacalcitol
1181,2016-10-01,,tacrolimus,tacrolimus
1182,2016-10-01,,tadalafil,tadalafil
1183,2016-10-01,,tafamidis,tafamidis
1184,2016-10-01,,tafluprost,tafluprost
1185,2016-10-01,,tamoxifène,tamoxifen
1186,2016-10-01,,tamsulosine,tamsulosine
1188,2016-10-01,,teicoplanine,teicoplanine
1190,2016-10-01,2018-04-18,télithromycine,telithromycine
1191,2016-10-01,,telmisartan,telmisartan
1192,2016-10-01,,telmisartan + amlodipine,telmisartan + amlodipine
1193,2016-10-01,,telmisartan + hydrochlorothiazide,telmisartan + hydrochloorthiazide
1194,2016-10-01,,témocilline,temocilline
1195,2016-10-01,2017-07-30,témoporfine,temoporfine
1196,2016-10-01,,témozolomide,temozolomide
1197,2016-10-01,,temsirolimus,temsirolimus
1198,2016-10-01,,ténectéplase,tenecteplase
1199,2016-10-01,,ténofovir,tenofovir
1200,2016-10-01,,ténoxicam,tenoxicam
1201,2016-10-01,,térazosine,terazosine
1202,2016-10-01,,terbinafine,terbinafine
1203,2016-10-01,,tériflunomide,teriflunomide
1204,2016-10-01,,tériparatide,teriparatide
1205,2016-10-01,,terlipressine,terlipressine
1206,2016-10-01,,testostérone,testosteron
1207,2016-10-01,,tétrabénazine,tetrabenazine
1208,2016-10-01,,tétracaïne,tetracaïne
1209,2016-10-01,,tétracosactide,tetracosactide
1210,2016-10-01,,tétryzoline,tetryzoline
1211,2016-10-01,,thalidomide,thalidomide
1212,2016-10-01,,théophylline,theofylline
1213,2016-10-01,,thiamazol,thiamazol
1214,2016-10-01,,thiamphénicol,thiamfenicol
1215,2016-10-01,,thiamine,thiamine
1217,2016-10-01,,thyrotropine alfa,thyrotropine alfa
1218,2016-10-01,,tiagabine,tiagabine
1219,2016-10-01,,tiapride,tiapride
1220,2016-10-01,,tibolone,tibolon
1221,2016-10-01,,ticagrélor,ticagrelor
1222,2016-10-01,,ticlopidine,ticlopidine
1223,2016-10-01,,tigécycline,tigecycline
1225,2016-10-01,,tilidine + naloxone,tilidine + naloxon
1226,2016-10-01,,timolol,timolol
1227,2016-10-01,2017-12-07,timolol + travoprost,timolol + travoprost
1228,2016-10-01,,tinidazole,tinidazol
1229,2016-10-01,,tinzaparine,tinzaparine
1230,2016-10-01,,tioguanine,tioguanine
1231,2016-10-01,,tiotropium,tiotropium
1232,2016-10-01,,tipranavir,tipranavir
1233,2016-10-01,,tirofiban,tirofiban
1234,2016-10-01,,tizanidine,tizanidine
1235,2016-10-01,,tobramycine,tobramycine
1236,2016-10-01,,tocilizumab,tocilizumab
1237,2016-10-01,,tolcapone,tolcapon
1238,2016-10-01,,toltérodine,tolterodine
1239,2016-10-01,,topiramate,topiramaat
1240,2016-10-01,,topotécan,topotecan
1241,2016-10-01,,torasémide,torasemide
1242,2016-10-01,,tosylchloramide,tosylchlooramide
1243,2016-10-01,,trabectédine,trabectedine
1244,2016-10-01,,tramadol,tramadol
1245,2016-10-01,,tramadol + paracétamol,tramadol + paracetamol
1246,2016-10-01,,tramazoline,tramazoline
1247,2016-10-01,,acide tranexamique,tranexaminezuur
1248,2016-10-01,,trastuzumab,trastuzumab
1249,2016-10-01,,travoprost,travoprost
1250,2016-10-01,,trazodone,trazodon
1251,2016-10-01,,trétinoïne,tretinoïne
1252,2016-10-01,,triamcinolone,triamcinolon
1254,2016-10-01,,triazolam,triazolam
1255,2016-10-01,,trihexyphénidyle,trihexyfenidyl
1256,2016-10-01,,triptoréline,triptoreline
1257,2016-10-01,,tropicamide,tropicamide
1258,2016-10-01,,tropisétron,tropisetron
1259,2016-10-01,2019-01-20,troxérutine,troxerutine
1260,2016-10-01,,ulipristal,ulipristal
1261,2016-10-01,,urapidil,urapidil
1262,2016-10-01,2017-09-18,urofollitropine,urofollitropine
1263,2016-10-01,,urokinase,urokinase
1264,2016-10-01,,acide ursodésoxycholique,ursodesoxycholzuur
1265,2016-10-01,,ustékinumab,ustekinumab
1266,2016-10-01,,valaciclovir,valaciclovir
1270,2016-10-01,,valganciclovir,valganciclovir
1271,2016-10-01,,acide valproïque,valproïnezuur
1273,2016-10-01,,valsartan,valsartan
1274,2016-10-01,,valsartan + hydrochlorothiazide,valsartan + hydrochloorthiazide
1275,2016-10-01,,vancomycine,vancomycine
1276,2016-10-01,,vandétanib,vandetanib
1277,2016-10-01,,vardénafil,vardenafil
1278,2016-10-01,,varénicline,varenicline
1280,2016-10-01,,vélaglucérase alfa,velaglucerase alfa
1281,2016-10-01,,vémurafénib,vemurafenib
1282,2016-10-01,,venlafaxine,venlafaxine
1283,2016-10-01,,vérapamil,verapamil
1284,2016-10-01,,vertéporfine,verteporfine
1285,2016-10-01,,vigabatrine,vigabatrine
1286,2016-10-01,,vildagliptine,vildagliptine
1287,2016-10-01,,vildagliptine + metformine,vildagliptine + metformine
1288,2016-10-01,,vinblastine,vinblastine
1289,2016-10-01,,vincristine,vincristine
1290,2016-10-01,,vindésine,vindesine
1291,2016-10-01,,vinorelbine,vinorelbine
1292,2016-10-01,,vismodégib,vismodegib
1295,2016-10-01,,voriconazole,voriconazol
1296,2016-10-01,,warfarine,warfarine
1297,2016-10-01,,peroxyde d'hydrogène,waterstofperoxide
1298,2016-10-01,,venin de guêpe,wespengif
1300,2016-10-01,,xylométazoline,xylometazoline
1301,2016-10-01,,yohimbine,yohimbine
1302,2016-10-01,2017-07-30,zafirlukast,zafirlukast
1303,2016-10-01,,zidovudine,zidovudine
1304,2016-10-01,,zinc,zink
1305,2016-10-01,,zofénopril,zofenopril
1306,2016-10-01,,zofénopril + hydrochlorothiazide,zofenopril + hydrochloorthiazide
1307,2016-10-01,,acide zolédronique,zoledroninezuur
1308,2016-10-01,,zolmitriptan,zolmitriptan
1309,2016-10-01,,zolpidem,zolpidem
1310,2016-10-01,,zopiclone,zopiclon
1311,2016-10-01,,zuclopenthixol,zuclopenthixol
1313,2016-10-01,,fer(II),ijzer(II)
1315,2016-10-01,,ivacaftor,ivacaftor
1317,2016-10-01,,aclidinium + formotérol,aclidinium + formoterol
1318,2016-10-01,,chlore actif,actief chloor
1319,2016-10-01,,aescine + salicylate,aescine + salicylaat
1320,2016-10-01,,Aesculus hippocastanum,Aesculus hippocastanum
1321,2016-10-01,2018-06-29,albiglutide,albiglutide
1322,2016-10-01,,alemtuzumab,alemtuzumab
1323,2016-10-01,,alginate + hydrogénocarbonate,alginaat + waterstofcarbonaat
1324,2016-10-01,,alirocumab,alirocumab
1325,2016-10-01,,alogliptine,alogliptine
1326,2016-10-01,,alogliptine + metformine,alogliptine + metformine
1327,2016-10-01,,aluminium oxyde + siméticone,aluminiumoxide + simeticon
1328,2016-10-01,,amphotéricine B,amfotericine B
1330,2016-10-01,,anakinra,anakinra
1331,2016-10-01,,apomorphine,apomorfine
1332,2016-10-01,,aprémilast,apremilast
1333,2016-10-01,,Arctostaphylos uva-ursi,Arctostaphylos uva-ursi
1334,2016-10-01,2017-11-29,Arnica montana,Arnica montana
1335,2016-10-01,,articaïne + épinéphrine,articaïne + epinefrine
1336,2016-10-01,,ascorbate + fer(II),ascorbaat + ijzer(II)
1338,2016-10-01,,Bacilles Calmette-Guérin,Bacillus Calmette-Guérin
1339,2016-10-01,,lysat bactérien,bacteriënlysaat
1340,2016-10-01,,baryum,barium
1341,2016-10-01,,benzocaïne,benzocaïne
1342,2016-10-01,,brentuximab védotine,brentuximab vedotine
1343,2016-10-01,,brinzolamide + brimonidine,brinzolamide + brimonidine
1344,2016-10-01,,budésonide + salmétérol,budesonide + salmeterol
1345,2016-10-01,,calcitonine,calcitonine
1346,2016-10-01,,calcium + magnésium,calcium + magnesium
1347,2016-10-01,,canagliflozine,canagliflozine
1348,2016-10-01,,canagliflozine + metformine,canagliflozine + metformine
1349,2016-10-01,2018-02-26,Capsicum,Capsicum
1350,2016-10-01,2018-05-17,Capsicum + salicylate,Capsicum + salicylaat
1351,2016-10-01,,carbonate + carbonate,carbonaat + carbonaat
1352,2016-10-01,,Cassia senna,Cassia senna
1353,2016-10-01,,cérium + sulfadiazine,cerium + sulfadiazine
1354,2016-10-01,,cétalkonium + salicylate,cetalkonium + salicylaat
1355,2016-10-01,,cétrimide,cetrimide
1356,2016-10-01,,Chamomilla recutita,Chamomilla recutita
1357,2016-10-01,,chlorhexidine + isopropanol,chloorhexidine + isopropanol
1358,2016-10-01,,chlorure,chloride
1359,2016-10-01,,toxine cholérique sous-unité B + Vibrio cholerae sérogroupe O1,choleratoxine subunit B + Vibrio cholerae serogroep O1
1361,2016-10-01,,choriogonadotropine alfa,choriongonadotropine alfa
1362,2016-10-01,,Cimicifuga racemosa,Cimicifuga racemosa
1363,2016-10-01,,clévidipine,clevidipine
1364,2016-10-01,,clodronate,clodronaat
1365,2016-10-01,,Crataegus monogyna,Crataegus monogyna
1366,2016-10-01,,cromoglicate,cromoglicaat
1367,2016-10-01,,Cynara scolymus,Cynara scolymus
1368,2016-10-01,2019-01-30,Cynara scolymus + Rosmarinus officinalis,Cynara scolymus + Rosmarinus officinalis
1369,2016-10-01,2019-01-20,daclatasvir,daclatasvir
1370,2016-10-01,,darunavir + cobicistat,darunavir + cobicistat
1371,2016-10-01,2018-07-20,dasabuvir,dasabuvir
1372,2016-10-01,,défibrotide,defibrotide
1373,2016-10-01,,delta-9-tétrahydrocannabinol + cannabidiol,delta-9-tetrahydrocannabinol + cannabidiol
1374,2016-10-01,,diénogest,diënogest
1375,2016-10-01,,fumarate de diméthyle,dimethylfumaraat
1376,2016-10-01,,dolutégravir,dolutegravir
1377,2016-10-01,,dulaglutide,dulaglutide
1378,2016-10-01,,Echinacea purpurea,Echinacea purpurea
1379,2016-10-01,2018-05-17,Echinacea purpurea + Serenoa repens,Echinacea purpurea + Serenoa repens
1380,2016-10-01,,éliglustat,eliglustat
1381,2016-10-01,,empagliflozine,empagliflozine
1382,2016-10-01,,empagliflozine + metformine,empagliflozine + metformine
1383,2016-10-01,,enzalutamide,enzalutamide
1384,2016-10-01,,eptacog alfa,eptacog alfa
1385,2016-10-01,,estradiol + diénogest,estradiol + diënogest
1386,2016-10-01,,éthanol,ethanol
1387,2016-10-01,,éthinylestradiol + diénogest,ethinylestradiol + diënogest
1388,2016-10-01,,évolocumab,evolocumab
1389,2016-10-01,,exénatide,exenatide
1390,2016-10-01,,ézétimibe + atorvastatine,ezetimibe + atorvastatine
1391,2016-10-01,,facteur XIII,factor XIII
1392,2016-10-01,,FEIBA,FEIBA
1393,2016-10-01,,fénofibrate,fenofibraat
1394,2016-10-01,,flavivirus,flavivirus
1395,2016-10-01,,fluorure,fluoride
1396,2016-10-01,2018-08-30,fluorure + monofluorophosphate,fluoride + monofluorofosfaat
1397,2016-10-01,,acide folique + fer(II),foliumzuur + ijzer(II)
1398,2016-10-01,,phosphate + phosphate,fosfaat + fosfaat
1399,2016-10-01,,fusidate,fusidaat
1400,2016-10-01,2017-12-21,gadopentétate,gadopentetaat
1401,2016-10-01,,gadoxétate,gadoxetaat
1403,2016-10-01,,virus de la fièvre jaune,gelekoortsvirus
1404,2016-10-01,,Ginkgo biloba,Ginkgo biloba
1405,,,,
1406,,,,
1407,2016-10-01,,Haemophilus influenzae type b,Haemophilus influenzae type b
1408,2016-10-01,,Harpagophytum,Harpagophytum
1409,2016-10-01,,virus de l'hépatite A,hepatitis A-virus
1410,2016-10-01,,virus de l'hépatite A + virus de l'hépatite B,hepatitis A-virus + hepatitis B-virus
1411,2016-10-01,2018-02-26,virus de l'hépatite A + Salmonella typhi,hepatitis A-virus + Salmonella typhi
1412,2016-10-01,,virus de l'hépatite B,hepatitis B-virus
1413,2016-10-01,,histamine,histamine
1414,2016-10-01,,"papillomavirus humain de types 16, 18","humaan papillomavirus types 16, 18"
1415,2016-10-01,,"papillomavirus humain de types 6, 11, 16, 18","humaan papillomavirus types 6, 11, 16, 18"
1416,2016-10-01,,"papillomavirus humain de types 6, 11, 16, 18, 31, 33, 45, 52, 58","humaan papillomavirus types 6, 11, 16, 18, 31, 33, 45, 52, 58"
1417,2016-10-01,,hyaluronate,hyaluronaat
1418,2016-10-01,,Hypericum perforatum,Hypericum perforatum
1419,2016-10-01,,ibrutinib,ibrutinib
1420,2016-10-01,,idarucizumab,idarucizumab
1421,2016-10-01,,idélalisib,idelalisib
1422,2016-10-01,2017-09-18,immunoglobulines anticytomégalovirus,"immunoglobulinen, anticytomegalovirus"
1423,2016-10-01,,immunoglobulines antihépatite B,"immunoglobulinen, antihepatitis B"
1424,2016-10-01,,immunoglobulines anti-Rh(D),"immunoglobulinen, anti-Rh(D)"
1425,2016-10-01,,immunoglobulines antilymphocytes T,"immunoglobulinen, anti-T-lymfocyten"
1426,2016-10-01,,indacatérol + glycopyrronium,indacaterol + glycopyrronium
1427,2016-10-01,,virus influenza,influenzavirus
1428,2016-10-01,,ivermectine,ivermectine
1429,2016-10-01,2017-06-12,virus de l'encéphalite japonaise,Japanse-encefalitisvirus
1430,2016-10-01,,iode,jodium
1431,2016-10-01,2017-06-12,ioxaglate + ioxaglate,joxaglaat + joxaglaat
1432,2016-10-01,,ioxitalamate,joxitalamaat
1433,2016-10-01,2018-08-11,ioxitalamate + ioxitalamate,joxitalamaat + joxitalamaat
1434,,,,
1435,2016-10-01,,lédipasvir + sofosbuvir,ledipasvir + sofosbuvir
1436,2016-10-01,,huile de foie de morue + zinc oxyde,levertraan + zinkoxide
1437,2016-10-01,,lévosimendan,levosimendan
1438,2016-10-01,,lidocaïne + cétrimide,lidocaïne + cetrimide
1439,2016-10-01,,lidocaïne + épinéphrine,lidocaïne + epinefrine
1440,2016-10-01,2018-06-19,lidocaïne + zinc oxyde,lidocaïne + zinkoxide
1441,2016-10-01,,lithium,lithium
1442,2016-10-01,2018-05-17,lithium + zinc,lithium + zink
1443,,,,
1444,2016-10-01,2018-01-17,Melissa officinalis + naphazoline,Melissa officinalis + nafazoline
1445,2016-10-01,,Melissa officinalis + Valeriana officinalis,Melissa officinalis + Valeriana officinalis
1446,2016-10-01,,mélitracène + flupentixol,melitracen + flupentixol
1447,2016-10-01,,"méningocoques type A, C, W, Y","meningokokken type A, C, W, Y"
1448,2016-10-01,,méningocoques type C,meningokokken type C
1449,2016-10-01,,Mentha x piperita,Mentha x piperita
1450,2016-10-01,2017-06-12,mépivacaïne + épinéphrine,mepivacaïne + epinefrine
1451,2016-10-01,,miconazole + zinc oxyde,miconazol + zinkoxide
1452,2016-10-01,,mycophénolate,mycofenolaat
1453,2016-10-01,,népafénac,nepafenac
1454,2016-10-01,,nétupitant + palonosétron,netupitant + palonosetron
1455,2016-10-01,,nintédanib,nintedanib
1456,2016-10-01,,nivolumab,nivolumab
1457,2016-10-01,,obinutuzumab,obinutuzumab
1458,2016-10-01,,estrogènes + bazédoxifène,oestrogenen + bazedoxifeen
1459,2016-10-01,,olaparib,olaparib
1460,2016-10-01,,oléate + polidocanol,oleaat + polidocanol
1461,2016-10-01,,olodatérol,olodaterol
1462,2016-10-01,,pamidronate,pamidronaat
1463,2016-10-01,,paraffine,paraffine
1464,2016-10-01,,Passiflora incarnata,Passiflora incarnata
1465,2016-10-01,,Pelargonium sidoides,Pelargonium sidoides
1467,2016-10-01,,pembrolizumab,pembrolizumab
1468,2016-10-01,,péthidine,pethidine
1469,2016-10-01,,Plantago ovata,Plantago ovata
1470,2016-10-01,,Plantago ovata + Cassia senna,Plantago ovata + Cassia senna
1471,2016-10-01,,Plantago ovata + Plantago ovata,Plantago ovata + Plantago ovata
1472,2016-10-01,,"pneumocoques, 10 types","pneumokokken, 10 types"
1473,2016-10-01,,"pneumocoques, 13 types","pneumokokken, 13 types"
1474,2016-10-01,,"pneumocoques, 23 types","pneumokokken, 23 types"
1475,2016-10-01,,"virus de la poliomyélite types I, II, III","poliomyelitisvirus types I, II, III"
1476,2016-10-01,,ponatinib,ponatinib
1477,2016-10-01,,povidone iodée + isopropanol,povidon-jood + isopropanol
1478,2016-10-01,,pranoprofène,pranoprofen
1479,2016-10-01,,pravastatine + fénofibrate,pravastatine + fenofibraat
1480,2016-10-01,,enzymes protéolytiques (concentré),proteolytische enzymen (concentraat)
1481,2016-10-01,,régorafénib,regorafenib
1482,2016-10-01,2017-10-11,Rhamnus purshianus,Rhamnus purshianus
1483,2016-10-01,,Rheum palmatum + acide salicylique,Rheum palmatum + salicylzuur
1484,2016-10-01,,Rhodiola rosea,Rhodiola rosea
1485,2016-10-01,,risédronate,risedronaat
1486,2016-10-01,,"rotavirus, 1 type","rotavirus, 1 type"
1487,2016-10-01,,"rotavirus, 5 types","rotavirus, 5 types"
1488,2016-10-01,,safinamide,safinamide
1489,2016-10-01,,Salmonella typhi,Salmonella typhi
1490,2016-10-01,,Salmonella typhi souche Ty 21a Berna,Salmonella typhi stam Ty 21a Berna
1491,2016-10-01,,sécukinumab,secukinumab
1492,2016-10-01,,sélénium,selenium
1493,2016-10-01,,Serenoa repens,Serenoa repens
1494,2016-10-01,,siltuximab,siltuximab
1495,2016-10-01,,Silybum marianum,Silybum marianum
1496,2016-10-01,,simoctocog alfa,simoctocog alfa
1497,2016-10-01,,Sisymbrium officinale,Sisymbrium officinale
1498,2016-10-01,,solifénacine + tamsulosine,solifenacine + tamsulosine
1499,2016-10-01,,Sterculia urens,Sterculia urens
1500,2016-10-01,2017-08-20,strontium,strontium
1501,2016-10-01,,sulfadiazine,sulfadiazine
1502,2016-10-01,,surfactant,surfactant
1503,2016-10-01,,Symphytum officinale,Symphytum officinale
1504,2016-10-01,,tapentadol,tapentadol
1505,2016-10-01,,Thymi herba,Thymi herba
1506,2016-10-01,,Thymi herba + Althaea radix,Thymi herba + Althaea radix
1507,2016-10-01,,Thymus vulgaris,Thymus vulgaris
1508,2016-10-01,,Tilia sylvestris,Tilia sylvestris
1509,2016-10-01,,tiotropium + olodatérol,tiotropium + olodaterol
1510,2016-10-01,,trastuzumab emtansine,trastuzumab emtansine
1511,2016-10-01,,tuberculine,tuberculine
1512,2016-10-01,,turoctocog alfa,turoctocog alfa
1513,2016-10-01,,uméclidinium,umeclidinium
1514,2016-10-01,,Valeriana officinalis,Valeriana officinalis
1515,2016-10-01,,Valeriana officinalis + Humulus lupulus,Valeriana officinalis + Humulus lupulus
1516,2016-10-01,,Valeriana officinalis + Passiflora incarnata,Valeriana officinalis + Passiflora incarnata
1517,2016-10-01,,valproate,valproaat
1518,2016-10-01,,acide valproïque + valproate,valproïnezuur + valproaat
1519,2016-10-01,,virus de la varicelle,varicellavirus
1520,2016-10-01,,védolizumab,vedolizumab
1521,2016-10-01,,Vitex agnus-castus,Vitex agnus-castus
1522,2016-10-01,,Vitis vinifera,Vitis vinifera
1523,2016-10-01,,xylol,xylol
1524,2016-10-01,,zinc oxyde,zinkoxide
1525,2016-10-01,,soufre,zwavel
1402,2016-11-01,2017-06-12,pas de principes actifs,geen actieve ingrediënten
1526,2016-11-01,,amsacrine,amsacrine
1527,2016-11-01,,béclométasone + formotérol,beclometason + formoterol
1528,2016-11-01,,carfilzomib,carfilzomib
1529,2016-11-01,,dapagliflozine,dapagliflozine
1530,2016-11-01,,édoxaban,edoxaban
1531,2016-11-01,,efmoroctocog alfa,efmoroctocog alfa
1532,2016-11-01,,lumacaftor + ivacaftor,lumacaftor + ivacaftor
1533,2016-11-01,,mépolizumab,mepolizumab
1534,2016-11-01,,sacubitril + valsartan,sacubitril + valsartan
1535,2016-11-01,,tolvaptan,tolvaptan
1536,2016-11-01,,vernakalant,vernakalant
1537,,,,
1635,,,,
1644,,,,
1646,,,,
1664,2017-06-13,,albutrépénonacog alfa,albutrepenonacog alfa
1665,2017-06-13,,bisoprolol + périndopril,bisoprolol + perindopril
1670,2017-06-13,,dapagliflozine + metformine,dapagliflozine + metformine
1671,2017-06-13,,daratumumab,daratumumab
1672,2017-06-13,,elbasvir + grazoprévir,elbasvir + grazoprevir
1673,2017-06-13,,fampridine,fampridine
1674,2017-06-13,,phénylbutyrate,fenylbutyraat
1675,2017-06-13,,follitropine delta,follitropine delta
1676,2017-06-13,,guanfacine,guanfacine
1677,2017-06-13,,Harpagophytum procumbens,Harpagophytum procumbens
1678,2017-06-13,,ingrédient homéopathique,homeopathisch ingrediënt
1679,2017-06-13,,insuline aspart + insuline aspart,insuline aspart + insuline aspart
1680,2017-06-13,,insuline lispro + insuline lispro,insuline lispro + insuline lispro
1681,2017-06-13,,ixékizumab,ixekizumab
1682,2017-06-13,,virus de l'encéphalite japonaise,Japanse encefalitisvirus
1683,2017-06-13,,linaclotide,linaclotide
1684,2017-06-13,,méningocoque type B,meningokokken type B
1685,2017-06-13,,migalastat,migalastat
1686,2017-06-13,2018-05-17,naloxégol,naloxegol
1687,2017-06-13,,osimertinib,osimertinib
1688,2017-06-13,,panobinostat,panobinostat
1689,2017-06-13,,sélexipag,selexipag
1690,2017-06-13,,sofosbuvir + velpatasvir,sofosbuvir + velpatasvir
1691,2017-06-13,,tramétinib,trametinib
1666,2017-06-13,,céritinib,ceritinib
1667,2017-06-13,,cétrimide + chlorhexidine,cetrimide + chloorhexidine
1668,2017-06-13,,cobimétinib,cobimetinib
1625,2017-06-13,,calcium,calcium
1669,2017-06-13,2018-04-18,daclizumab,daclizumab
1660,2017-06-13,,eau pour injection,water voor injectie
653,2017-07-31,,ibritumomab tiuxétan,ibritumomab tiuxetan
1692,2017-07-31,,alectinib,alectinib
1693,2017-07-31,,eftrénonacog alfa,eftrenonacog alfa
1694,2017-07-31,,lidocaïne + chlorhexidine,lidocaïne + chloorhexidine
1695,2017-07-31,,ramucirumab,ramucirumab
1696,2017-07-31,,thiotépa,thiotepa
1697,2017-07-31,,trifluridine + tipiracil,trifluridine + tipiracil
950,2017-07-31,,oséltamivir,oseltamivir
1075,2017-07-31,,virus de la rage,rabiësvirus
1698,2017-07-31,,uméclidinium + vilantérol,umeclidinium + vilanterol
1699,2017-09-04,,dinutuximab bêta,dinutuximab bèta
1700,2017-09-04,,élotuzumab,elotuzumab
1701,2017-09-04,,lonoctocog alfa,lonoctocog alfa
1702,2017-10-20,,baricitinib,baricitinib
1703,2017-10-20,,ixazomib,ixazomib
1704,2017-10-20,,tofacitinib,tofacitinib
1705,2017-10-20,,vénétoclax,venetoclax
1706,2017-11-19,,susoctocog alfa,susoctocog alfa
1707,2017-11-30,2018-11-29,alvérine + siméticone,alverine + simeticon
1708,2017-11-30,,palbociclib,palbociclib
1709,2017-12-08,,pitolisant,pitolisant
1710,2017-12-08,2018-06-11,acide désoxycholique,deoxycholzuur
1711,2017-12-08,,travoprost + timolol,travoprost + timolol
1712,2017-12-22,,cabozantinib,cabozantinib
1713,2017-12-22,,glécaprévir + pibrentasvir,glecaprevir + pibrentasvir
1714,2018-01-09,,régadénoson,regadenoson
1715,2018-01-18,,sarilumab,sarilumab
1716,2018-01-31,,olaratumab,olaratumab
1717,2018-01-31,,nonacog gamma,nonacog gamma
1718,2018-02-27,,aprotinine,aprotinine
1719,2018-02-27,,atézolizumab,atezolizumab
1720,2018-02-27,,guselkumab,guselkumab
1721,2018-02-27,,ocrélizumab,ocrelizumab
1722,2018-03-30,,blinatumomab,blinatumomab
1723,2018-03-30,,béclométasone + formotérol + glycopyrronium,beclometason + formoterol + glycopyrronium
1724,2018-04-19,,nusinersen,nusinersen
1725,2018-04-30,,lenvatinib,lenvatinib
1729,2018-06-05,,cellules épithéliales cornéennes autologues,autologe humane corneale epitheelcellen
1730,,,,
1726,2018-06-05,,ibuprofène + codéine,ibuprofen + codeïne
1728,2018-06-05,,Hedera helix,Hedera helix
1731,2018-06-05,,ételcalcétide,etelcalcetide
1732,2018-06-20,,brodalumab,brodalumab
1733,2018-06-30,,benralizumab,benralizumab
1734,2018-07-21,,Arnica montana,Arnica montana
1735,2018-07-21,,sévoflurane,sevoflurane
1736,2018-07-21,,avélumab,avelumab
1632,2018-08-01,,gélatine + solution de ringer,gelatine + ringerlactaatoplossing
1655,2018-08-01,,azote,stikstof
1626,2018-08-01,,desflurane,desfluraan
1628,2018-08-01,,sodium,natrium
1633,,,,
1637,2018-08-01,,glucose + potassium,glucose + kalium
1638,2018-08-01,,glucose + sodium + potassium,glucose + natrium + kalium
1639,2018-08-01,,albumine,albumine
1642,2018-08-01,,dérivé d'amidon + solution de ringer,zetmeelderivaat + ringeroplossing
1645,2018-08-01,,lipides,lipiden
1647,2018-08-01,,mannitol,mannitol
1648,2018-08-01,,sodium + glucose,natrium + glucose
1650,2018-08-01,,glucose + solution de ringer,glucose + ringeroplossing
1651,2018-08-01,,solution de ringer,ringeroplossing
1653,2018-08-01,,oligoélements,sporenelementen
1654,2018-08-01,,azote + glucose,stikstof + glucose
1656,2018-08-01,,azote + glucose + lipides,stikstof + glucose + lipiden
1657,2018-08-01,2018-09-30,azote,stikstof
1662,2018-08-01,,oxygène,zuurstof
1630,2018-08-01,,protoxyde d'azote + oxygène,distikstofoxide + zuurstof
1737,2018-08-01,,fluticasone + uméclidinium + vilantérol,fluticason + umeclidinium + vilanterol
1738,2018-08-01,,ribociclib,ribociclib
1739,2018-08-12,,insuline dégludec + liraglutide,insuline degludec + liraglutide
1740,2018-09-09,,Eucalyptus globulus,Eucalyptus globulus
1741,2018-09-19,,protoxyde d'azote,distikstofoxide
1742,2018-09-19,,monoxyde d'azote,distikstofmonoxide
1743,2018-09-19,,xénon,xenon
1744,2018-10-01,,midostaurine,midostaurine
1745,2018-10-01,,protéines plasmatiques,plasma-eiwitten
1746,2018-10-01,,brivaracétam,brivaracetam
1747,2018-10-01,,phosphate,fosfaat
1748,2018-10-01,,hydroxyéthylamidon + électrolytes,hydroxyethylzetmeel + elektrolyten
1749,2018-10-01,,sodium + potassium,natrium + kalium
1187,2018-10-09,,tasonermine,tasonermin
1750,2018-10-19,,électrolytes,elektrolyten
1751,2018-11-12,,télotristat,telotristat
1752,2018-11-12,,insuline glargine + lixisénatide,insuline glargine + lixisenatide
1753,2018-11-12,,lésinurad,lesinurad
1754,2018-11-12,,ramipril + amlodipine,ramipril + amlodipine
1755,2018-11-30,,tétracycline,tetracycline
1756,2018-11-30,,ibuprofène + pseudoéphédrine,ibuprofen + pseudo-efedrine
1757,2018-11-30,,ceftazidime + avibactam,ceftazidim + avibactam
1758,2018-11-30,,rurioctocog alfa pégol,rurioctocog alfa pegol
1759,2018-12-31,,dolutégravir + rilpivirine,dolutegravir + rilpivirine
1760,2019-01-21,,tramadol + dexkétoprofène,tramadol + dexketoprofen
1761,2019-01-31,,zonisamide,zonisamide
1762,2019-01-31,,cangrélor,cangrelor
371,2019-02-25,,dibotermine alfa,dibotermine alfa
1763,2019-02-25,,méthoxyflurane,methoxyfluraan
